PhotonEnergy_meV,TotalRaw,OpticalRaw,PiezoelectricRaw
-300,3.56500850781901e+167,3.54588571547763e+167,1.91227923413804e+165
-296.7,3.4774260754021e+167,3.4585914555166e+167,1.88346198854974e+165
-293.4,3.3868708475694e+167,3.36833095234969e+167,1.85398952197153e+165
-290.1,3.2932322373715e+167,3.27499778484354e+167,1.82344525279608e+165
-286.8,3.17848108568239e+167,3.17848108568239e+167,0
-283.5,3.0786653253777e+167,3.0786653253777e+167,0
-280.2,2.9754300842149e+167,2.9754300842149e+167,0
-276.9,2.86864981138549e+167,2.86864981138549e+167,0
-273.6,2.75819357050658e+167,2.75819357050658e+167,0
-270.3,2.6439247706219e+167,2.6439247706219e+167,0
-267,2.52570088178064e+167,2.52570088178064e+167,0
-263.7,2.42087175881375e+167,2.42087175881375e+167,0
-260.4,2.29419365157814e+167,2.29419365157814e+167,0
-257.1,2.16309365401499e+167,2.16309365401499e+167,0
-253.8,1.72236586085504e+165,1.72236586085504e+165,0
-250.5,1.7131022523654e+165,1.7131022523654e+165,0
-247.2,1.71047438565916e+165,1.70378827752109e+165,6.68610813806557e+162
-243.9,3.17032169054908e+166,1.69442310574658e+165,3.00087937997443e+166
-240.6,3.13814242456208e+166,1.68500588338358e+165,2.96964183622372e+166
-237.3,3.10595786575162e+166,1.67553573278391e+165,2.93840429247323e+166
-234,3.07376792385806e+166,1.66601175135423e+165,2.90716674872264e+166
-230.7,3.04157250602731e+166,1.65643301055233e+165,2.87592920497208e+166
-227.4,7.91487053828995e+168,7.88642362167774e+168,2.84469166122142e+166
-224.1,7.87345613984187e+168,7.84532159866716e+168,2.81345411747088e+166
-220.8,7.83182526126208e+168,7.80400309552487e+168,2.78221657372031e+166
-217.5,7.78997444540821e+168,7.76246465510851e+168,2.75097902996969e+166
-214.2,7.74790014212397e+168,7.72070272726178e+168,2.7197414862191e+166
-210.9,7.6970227113409e+168,7.67871366527556e+168,1.83090460653417e+166
-207.6,5.2744220964712e+193,5.2744220964712e+193,1.79966706278354e+166
-204.3,5.62306380241989e+193,5.62306380241989e+193,1.76842951903302e+166
-201,5.98691363412442e+193,5.98691363412442e+193,1.73719197528241e+166
-197.7,6.36676913997667e+193,6.36676913997667e+193,1.70595443153185e+166
-194.4,6.76347824113859e+193,6.76347824113859e+193,1.67471688778124e+166
-191.1,7.17794298902301e+193,7.17794298902301e+193,1.64347934403064e+166
-187.8,7.61112364777141e+193,7.61112364777141e+193,1.61224180028008e+166
-184.5,8.0640431337785e+193,8.0640431337785e+193,1.58100425652942e+166
-181.2,1.89187539770668e+223,1.89187539770668e+223,1.54976671277894e+166
-177.9,1.9028242283551e+223,1.9028242283551e+223,1.51852916902823e+166
-174.6,1.91396537962406e+223,1.91396537962406e+223,1.4872916252777e+166
-171.3,1.92530454861715e+223,1.92530454861715e+223,4.35019971757314e+189
-168,1.93684767154494e+223,1.93684767154494e+223,1.54694679848951e+193
-164.7,1.94860093678492e+223,1.94860093678492e+223,3.94102098278508e+193
-161.4,1.96057079882356e+223,1.96057079882356e+223,6.41321040834305e+193
-158.1,1.97276399315074e+223,1.97276399315074e+223,8.96695079448679e+193
-154.8,1.98518755218909e+223,1.98518755218909e+223,1.160586884892e+194
-151.5,1.99784882233761e+223,1.99784882233761e+223,1.43337951510628e+194
-148.2,2.01075548222886e+223,2.01075548222886e+223,1.71547780608081e+194
-144.9,2.03119259892021e+223,2.02391556230014e+223,7.27703662007231e+220
-141.6,3.48385656056017e+224,2.03733746579139e+223,3.28012281398103e+224
-138.3,3.4852258131108e+224,2.05102999129766e+223,3.28012281398103e+224
-135,3.48662304968192e+224,2.06500235700899e+223,3.28012281398102e+224
-131.7,3.48804923666047e+224,2.0792642267946e+223,3.28012281398101e+224
-128.4,3.81396264768918e+224,5.33839833708179e+223,3.280122813981e+224
-125.1,3.82243118659785e+224,5.42308372616818e+223,3.28012281398104e+224
-121.8,3.83118587766107e+224,5.51063063680047e+223,3.28012281398102e+224
-118.5,3.84024102519588e+224,5.60118211214884e+223,3.28012281398099e+224
-115.2,3.84961188015182e+224,5.69489066170774e+223,3.28012281398104e+224
-111.9,3.85931471836932e+224,5.79191904388295e+223,3.28012281398102e+224
-108.6,8.56590908357639e+226,8.53310785543658e+226,3.280122813981e+224
-105.3,8.61538006508912e+226,8.58257883694931e+226,3.28012281398098e+224
-102,8.66572238045726e+226,8.63292115231745e+226,3.28012281398095e+224
-98.7,8.71696194877436e+226,8.68416072063455e+226,3.280122813981e+224
-95.4,8.76912578392894e+226,8.73632455578913e+226,3.28012281398096e+224
-92.1,8.82224205499306e+226,8.78944082685325e+226,3.28012281398098e+224
-88.8,8.88637872005023e+226,8.85357749191042e+226,3.28012281398094e+224
-85.5,8.94137223647501e+226,8.9085710083352e+226,3.28012281398097e+224
-82.2,8.99740889686313e+226,8.96460766872332e+226,3.28012281398097e+224
-78.9,9.04753217881121e+226,9.0147309506714e+226,3.28012281398098e+224
-75.6,9.10560864978051e+226,9.0728074216407e+226,3.28012281398101e+224
-72.3,9.16485247227025e+226,9.13202549031822e+226,3.28269819520381e+224
-69,9.3402055684499e+226,9.19242301645899e+226,1.47782551990902e+225
-65.7,9.3991453769205e+226,9.2540396404781e+226,1.45105736442403e+225
-62.4,9.45461831065257e+226,9.31218938975867e+226,1.42428920893902e+225
-59.1,9.51605395032707e+226,9.37630184498167e+226,1.39752105345403e+225
-55.8,2.42098673434004e+227,2.40727920536035e+227,1.37075289796901e+225
-52.5,6.98198417736839e+227,6.96854432994355e+227,1.34398474248405e+225
-49.2,6.96841592913876e+227,6.95524376326876e+227,1.31721658699902e+225
-45.9,6.9482229331584e+227,6.94266813860085e+227,5.55479455754231e+224
-42.6,6.93287084033529e+227,6.93086312244291e+227,2.00771789237343e+224
-39.3,6.92133541849485e+227,6.91959538215732e+227,1.74003633752322e+224
-36,6.91097811542687e+227,6.9095057606442e+227,1.47235478267324e+224
-32.7,6.90154932941869e+227,6.90034465619086e+227,1.20467322782322e+224
-29.4,6.89310912597664e+227,6.89217213430366e+227,9.36991672973348e+223
-26.1,4.75481282765617e+227,4.75414351753804e+227,6.69310118123371e+223
-22.8,4.71744957630881e+227,4.71704794774553e+227,4.01628563273255e+223
-19.5,4.67988025161583e+227,4.67974629942911e+227,1.33952186722922e+223
-16.2,4.64220973744115e+227,4.64220973744115e+227,0
-12.9,4.60440330982633e+227,4.60440330982633e+227,0
-9.60000000000002,4.5662846642151e+227,4.5662846642151e+227,0
-6.30000000000001,2.79178745765532e+251,2.79178745765532e+251,0
-3,1.43028671069652e+252,1.43028671069652e+252,0
0.299999999999955,2.65245669643313e+252,2.65245669643313e+252,0
3.59999999999997,3.9692268933159e+252,3.95618399350718e+252,1.30428998087182e+250
6.89999999999998,5.58320409705214e+282,5.58320409705214e+282,6.21950984947872e+253
10.2,5.38113126581452e+282,5.38113126581452e+282,7.04497232768655e+253
13.4999999999999,8.41606278487606e+282,8.41606278487606e+282,7.87043480589416e+253
16.8,8.25656563142401e+282,8.25656563142401e+282,8.69589728410164e+253
20.1,8.09031915068396e+282,8.09031915068396e+282,9.52135976230941e+253
23.4,7.91610443817422e+282,7.91610443817422e+282,1.03468222405171e+254
26.7,3.97125473249433e+283,3.50401554344561e+282,3.62085317814977e+283
29.9999999999999,3.71812749517221e+283,3.57910894736503e+282,3.3602166004357e+283
33.3,3.46550474127712e+283,3.65924718555479e+282,3.09958002272164e+283
36.6,3.2134456146109e+283,3.74502169603357e+282,2.83894344500754e+283
39.9,2.96201944568065e+283,3.83712578387181e+282,2.57830686729347e+283
43.2,2.5174254942234e+286,2.51510830413851e+286,2.31719008488783e+283
46.5,2.424004038924e+286,2.424004038924e+286,0
49.8,2.32933913899105e+286,2.32933843043946e+286,7.08551592812763e+279
53.1,2.2368191351199e+286,2.23362534021984e+286,3.19379490005181e+283
56.4,2.13386769005128e+286,2.13067389515123e+286,3.19379490005182e+283
59.7,2.02569565039404e+286,2.02250185549399e+286,3.19379490005183e+283
63,7.72636628454503e+283,4.53257138449321e+283,3.19379490005182e+283
66.3,8.26593433670345e+283,5.07213943665163e+283,3.19379490005183e+283
69.6,8.92962034412544e+283,5.73582544407361e+283,3.19379490005184e+283
72.9,9.76189213297421e+283,6.56809723292239e+283,3.19379490005182e+283
76.2,1.08301128825635e+284,7.63631798251164e+283,3.19379490005182e+283
79.5,1.22408318648872e+284,9.04703696483533e+283,3.19379490005183e+283
82.8,3.19379490005183e+283,0,3.19379490005183e+283
86.1,1.46629479360026e+286,1.4631009987002e+286,3.19379490005183e+283
89.4,1.49309013318106e+286,1.48989633828101e+286,3.19379490005184e+283
92.7,1.52141380223644e+286,1.51822000733639e+286,3.19379490005184e+283
96,1.5514168465008e+286,1.54822305160074e+286,3.19379490005183e+283
99.3,1.58327207366452e+286,1.58007827876447e+286,3.19379490005184e+283
102.6,1.61717825816886e+286,1.61398446326881e+286,3.19379490005183e+283
105.9,1.65336538367994e+286,1.65017158877989e+286,3.19379490005184e+283
109.2,1.69210124015437e+286,1.68890744525432e+286,3.19379490005183e+283
112.5,1.73369980960834e+286,1.73050601470829e+286,3.19379490005183e+283
115.8,1.7785313350354e+286,1.77533824868694e+286,3.19308634845902e+283
119.1,1.82384608786227e+286,1.82384608786227e+286,0
122.4,1.87656094337791e+286,1.87656094337791e+286,0
125.7,1.53450612359824e+287,1.53450612359824e+287,0
129,1.67799652836917e+287,1.67799652836917e+287,0
132.3,1.84724028159193e+287,1.84724028159193e+287,0
135.6,2.04929299587349e+287,2.04929299587349e+287,0
138.9,2.29391771936809e+287,2.29391771936809e+287,0
142.2,2.5949756151263e+287,2.5949756151263e+287,0
145.5,2.97274860852775e+287,2.97274860852775e+287,0
148.8,3.45799777507962e+287,3.45799777507962e+287,0
152.1,4.09944896999053e+287,4.09944896999053e+287,0
155.4,0,0,0
158.7,0,0,0
162,0,0,0
165.3,0,0,0
168.6,0,0,0
171.9,0,0,0
175.2,0,0,0
178.5,0,0,0
181.8,0,0,0
185.1,0,0,0
188.4,0,0,0
191.7,0,0,0
195,0,0,0
198.3,0,0,0
201.6,7.09453782947117e+17,7.09453782947117e+17,0
204.9,1.35773760372339e+17,1.35773760372339e+17,0
208.2,2.65857237808696e+16,2.65857237808696e+16,0
211.5,5.34417548473842e+15,5.34417548473842e+15,0
214.8,1.10023827902064e+15,1.10023827902064e+15,0
218.1,2.21644551466466e+19,230807834763696,2.21642243388118e+19
221.4,4.5934608533654e+18,49091628229014.8,4.59341176173717e+18
224.7,9.39857041166618e+17,10544197074560.4,9.39846496969544e+17
228,1.94114557273049e+17,2280178398582.05,1.9411227709465e+17
231.3,4.07763800742159e+16,495382131957.441,4.0775884692084e+16
234.6,8.70009641613259e+15,107962197674.532,8.69998845393491e+15
237.9,3.11741517115428e+21,3.117413292813e+21,1.87834127725638e+15
241.2,5.96823887031289e+20,5.96823478087043e+20,408944245918266
244.5,1.16908311402982e+20,1.16908221859512e+20,89543470550332.6
247.8,2.35097493200743e+19,2.35097296386235e+19,19681450711668.8
251.1,4.84166810029784e+18,4.84166376362217e+18,4336675671236.9
254.4,1.01593263912658e+18,1.01593168207309e+18,957053486269.924
257.7,2.16121529567143e+17,2.16121318158374e+17,211408769432.855
261,4.64255936024821e+16,4.64255468793624e+16,46723119748.9588
264.3,1.00403647307465e+16,1.00403544022634e+16,10328483146.8343
267.6,2.18145328670363e+15,2.18145100346342e+15,2283240210.34411
270.9,475438092150325,475437587466543,504683782.39666
274.2,103833989629953,103833878097498,111532455.541797
277.5,22707457833910,22707433192133.6,24641776.4221341
280.8,4970090248115.89,4970084805403.88,5442712.01027387
284.1,1088372701713.37,1088371499943.44,1201769.93407003
287.4,238399864109.564,238399598841.883,265267.681201231
290.7,52225055331.9843,52224996798.8517,58533.1325495264
294,11440582519.5038,11440569608.1116,12911.3922070821
297.3,2505998968.96107,2505996121.88455,2847.07651352099
