PhotonEnergy_meV,Total_B_T_0,Total_B_T_5,Total_B_T_10,Optical_B_T_0,Optical_B_T_5,Optical_B_T_10,Piezoelectric_B_T_0,Piezoelectric_B_T_5,Piezoelectric_B_T_10
-300,1.24372349098076e+166,2.78984598583381e+166,3.56500850781901e+167,1.23704685588575e+166,2.77487181603972e+166,3.54588571547763e+167,6.67663509501502e+163,1.49741697940908e+164,1.91227923413804e+165
-296.7,1.21301731867973e+166,2.72103757792293e+166,3.4774260754021e+167,1.20644304929308e+166,2.70629284230865e+166,3.4585914555166e+167,6.57426938664948e+163,1.47447356142764e+164,1.88346198854974e+165
-293.4,1.17479917437335e+166,2.63538328956525e+166,3.3868708475694e+167,1.17479917437335e+166,2.63538328956525e+166,3.36833095234969e+167,0,0,1.85398952197153e+165
-290.1,1.14207789823431e+166,2.56205951080944e+166,3.2932322373715e+167,1.14207789823431e+166,2.56205951080944e+166,3.27499778484354e+167,0,0,1.82344525279608e+165
-286.8,1.1082403273904e+166,2.48623436282389e+166,3.17848108568239e+167,1.1082403273904e+166,2.48623436282389e+166,3.17848108568239e+167,0,0,0
-283.5,1.07324593190424e+166,2.40781703624106e+166,3.0786653253777e+167,1.07324593190424e+166,2.40781703624106e+166,3.0786653253777e+167,0,0,0
-280.2,1.03705246529223e+166,2.32671287612792e+166,2.9754300842149e+167,1.03705246529223e+166,2.32671287612792e+166,2.9754300842149e+167,0,0,0
-276.9,9.99615879929016e+165,2.24282319249679e+166,2.86864981138549e+167,9.99615879929016e+165,2.24282319249679e+166,2.86864981138549e+167,0,0,0
-273.6,9.60890237656977e+165,2.15604506007525e+166,2.75819357050658e+167,9.60890237656977e+165,2.15604506007525e+166,2.75819357050658e+167,0,0,0
-270.3,9.20827615313687e+165,2.06627110666761e+166,2.6439247706219e+167,9.20827615313687e+165,2.06627110666761e+166,2.6439247706219e+167,0,0,0
-267,8.85525688178682e+165,1.98717413824875e+166,2.52570088178064e+167,8.85525688178682e+165,1.98717413824875e+166,2.52570088178064e+167,0,0,0
-263.7,8.42605176126679e+165,1.89099639980083e+166,2.42087175881375e+167,8.42605176126679e+165,1.89099639980083e+166,2.42087175881375e+167,0,0,0
-260.4,6.08408861746015e+163,1.79147136817634e+166,2.29419365157814e+167,6.08408861746015e+163,1.79147136817634e+166,2.29419365157814e+167,0,0,0
-257.1,6.05204065399266e+163,1.3570410387689e+164,2.16309365401499e+167,6.05204065399266e+163,1.3570410387689e+164,2.16309365401499e+167,0,0,0
-253.8,6.01982207711855e+163,1.34981738712383e+164,1.72236586085504e+165,6.01982207711855e+163,1.34981738712383e+164,1.72236586085504e+165,0,0,0
-250.5,6.01103597832645e+163,1.34784820706074e+164,1.7131022523654e+165,5.9874301325813e+163,1.34255486880334e+164,1.7131022523654e+165,2.36058457451532e+161,5.29333825739905e+161,0
-247.2,1.11907806048092e+165,2.50939859055209e+165,1.71047438565916e+165,5.9548619912119e+163,1.33525284960696e+164,1.70378827752109e+165,1.0595294405688e+165,2.37587330559139e+165,6.68610813806557e+162
-243.9,1.1078302986568e+165,2.48417909793285e+165,3.17032169054908e+166,5.92211474604551e+163,1.32791067789679e+164,1.69442310574658e+165,1.04860915119634e+165,2.35138803014317e+165,3.00087937997443e+166
-240.6,1.09658071591682e+165,2.45895552308678e+165,3.13814242456208e+166,5.88918540929224e+163,1.32052768391858e+164,1.68500588338358e+165,1.0376888618239e+165,2.32690275469492e+165,2.96964183622372e+166
-237.3,1.085329281543e+165,2.43372779715555e+165,3.10595786575162e+166,5.85607090915674e+163,1.31310317908893e+164,1.67553573278391e+165,1.02676857245143e+165,2.30241747924665e+165,2.93840429247323e+166
-234,1.07407596394391e+165,2.40849584932296e+165,3.07376792385806e+166,5.82276808649323e+163,1.30563645524561e+164,1.66601175135423e+165,1.01584828307898e+165,2.2779322037984e+165,2.90716674872264e+166
-230.7,2.78074144168549e+167,6.23521182299566e+167,3.04157250602731e+166,2.77069216174842e+167,6.21267735371216e+167,1.65643301055233e+165,1.00492799370653e+165,2.25344692835018e+165,2.87592920497208e+166
-227.4,2.76633479900181e+167,6.20291096912947e+167,7.91487053828995e+168,2.75639472195847e+167,6.18062135260045e+167,7.88642362167774e+168,9.94007704334074e+164,2.22896165290194e+165,2.84469166122142e+166
-224.1,2.75185360516516e+167,6.17044298097335e+167,7.87345613984187e+168,2.74202273101555e+167,6.14839821719881e+167,7.84532159866716e+168,9.83087414961616e+164,2.2044763774537e+165,2.81345411747088e+166
-220.8,2.73729668162491e+167,6.13780521661009e+167,7.83182526126208e+168,2.72757501036902e+167,6.11600530559004e+167,7.80400309552487e+168,9.72167125589147e+164,2.17999110200544e+165,2.78221657372031e+166
-217.5,2.72266281844607e+167,6.10499496377588e+167,7.78997444540821e+168,2.71305035008391e+167,6.08343990551031e+167,7.76246465510851e+168,9.61246836216697e+164,2.15550582655722e+165,2.75097902996969e+166
-214.2,8.32943556630197e+191,2.19095289943174e+192,7.74790014212397e+168,8.32943556630197e+191,2.19095289943174e+192,7.72070272726178e+168,9.50260033901792e+164,2.13087141699156e+165,2.7197414862191e+166
-210.9,8.90589815174426e+191,2.34265328977692e+192,7.6970227113409e+168,8.90589815174426e+191,2.34265328977692e+192,7.67871366527556e+168,6.39599301175771e+164,1.43431353722175e+165,1.83090460653417e+166
-207.6,9.50711504582126e+191,2.50086703600032e+192,5.2744220964712e+193,9.50711504582126e+191,2.50086703600032e+192,5.2744220964712e+193,6.28679011803343e+164,1.40982826177352e+165,1.79966706278354e+166
-204.3,1.01343599305881e+192,2.66592921147759e+192,5.62306380241989e+193,1.01343599305881e+192,2.66592921147759e+192,5.62306380241989e+193,6.17758722430863e+164,1.38534298632524e+165,1.76842951903302e+166
-201,1.07889853296952e+192,2.83819562700817e+192,5.98691363412442e+193,1.07889853296952e+192,2.83819562700817e+192,5.98691363412442e+193,6.06838433058419e+164,1.360857710877e+165,1.73719197528241e+166
-197.7,1.1472428368823e+192,3.01804434568029e+192,6.36676913997667e+193,1.1472428368823e+192,3.01804434568029e+192,6.36676913997667e+193,5.9591814368599e+164,1.33637243542879e+165,1.70595443153185e+166
-194.4,1.2186217023941e+192,3.20587732598621e+192,6.76347824113859e+193,1.2186217023941e+192,3.20587732598621e+192,6.76347824113859e+193,5.84997854313527e+164,1.31188715998051e+165,1.67471688778124e+166
-191.1,1.29319769044541e+192,3.40212220558524e+192,7.17794298902301e+193,1.29319769044541e+192,3.40212220558524e+192,7.17794298902301e+193,5.74077564941068e+164,1.2874018845323e+165,1.64347934403064e+166
-187.8,1.37114386235834e+192,3.607234239454e+192,7.61112364777141e+193,1.37114386235834e+192,3.607234239454e+192,7.61112364777141e+193,5.63157275568608e+164,1.26291660908403e+165,1.61224180028008e+166
-184.5,1.72998521989947e+221,5.35056555449066e+221,8.0640431337785e+193,1.72998521989947e+221,5.35056555449066e+221,8.0640431337785e+193,5.52236986196153e+164,1.23843133363579e+165,1.58100425652942e+166
-181.2,1.73989222030633e+221,5.3812001330678e+221,1.89187539770668e+223,1.73989222030633e+221,5.3812001330678e+221,1.89187539770668e+223,5.4131669682371e+164,1.21394605818757e+165,1.54976671277894e+166
-177.9,1.74997139625651e+221,5.41236700691613e+221,1.9028242283551e+223,1.74997139625651e+221,5.41236700691613e+221,1.9028242283551e+223,5.30396407451276e+164,1.18946078273932e+165,1.51852916902823e+166
-174.6,1.76022779338945e+221,5.44408177183858e+221,1.91396537962406e+223,1.76022779338945e+221,5.44408177183858e+221,1.91396537962406e+223,5.19476118078797e+164,1.16497550729105e+165,1.4872916252777e+166
-171.3,1.77066666681184e+221,5.47636067095388e+221,1.92530454861715e+223,1.77066666681184e+221,5.47636067095388e+221,1.92530454861715e+223,8.6002013852065e+187,2.2210813222865e+188,4.35019971757314e+189
-168,1.78129349241162e+221,5.50922062965641e+221,1.93684767154494e+223,1.78129349241162e+221,5.50922062965641e+221,1.93684767154494e+223,3.13255725966657e+191,8.05332985904691e+191,1.54694679848951e+193
-164.7,1.79211397892979e+221,5.54267929290808e+221,1.94860093678492e+223,1.79211397892979e+221,5.54267929290808e+221,1.94860093678492e+223,7.43588680122609e+191,1.93798366804856e+192,3.94102098278508e+193
-161.4,1.80313408084743e+221,5.57675506505847e+221,1.96057079882356e+223,1.80313408084743e+221,5.57675506505847e+221,1.96057079882356e+223,1.18797577908405e+192,3.10761823965035e+192,6.41321040834305e+193
-158.1,1.81436001215586e+221,5.61146715238553e+221,1.97276399315074e+223,1.81436001215586e+221,5.61146715238553e+221,1.97276399315074e+223,1.64703574031907e+192,4.31586455824517e+192,8.96695079448679e+193
-154.8,1.82579826108188e+221,5.64683560858889e+221,1.98518755218909e+223,1.82579826108188e+221,5.64683560858889e+221,1.98518755218909e+223,2.12142170774315e+192,5.56444104026997e+192,1.160586884892e+194
-151.5,1.84414477975799e+221,5.70357198865024e+221,1.99784882233761e+223,1.83745560584674e+221,5.68288138347678e+221,1.99784882233761e+223,6.68917391125784e+218,2.06906051734591e+219,1.43337951510628e+194
-148.2,3.20007772766883e+222,5.74031698029128e+221,2.01075548222886e+223,1.8493391315473e+221,5.71962637511782e+221,2.01075548222886e+223,3.0151438145141e+222,2.06906051734591e+219,1.71547780608081e+194
-144.9,3.20128943933942e+222,9.90199552904259e+222,2.03119259892021e+223,1.86145624825272e+221,5.75709348574904e+221,2.02391556230014e+223,3.01514381451415e+222,9.32628618046769e+222,7.27703662007231e+220
-141.6,3.20252528555656e+222,9.90581684864423e+222,3.48385656056017e+224,1.87381471042393e+221,5.79530668176584e+221,2.03733746579139e+223,3.01514381451416e+222,9.32628618046764e+222,3.28012281398103e+224
-138.3,3.20378607829115e+222,9.90971528628303e+222,3.4852258131108e+224,1.88642263776986e+221,5.83429105815541e+221,2.05102999129766e+223,3.01514381451416e+222,9.32628618046749e+222,3.28012281398103e+224
-135,3.49164094849418e+222,1.0799770464694e+223,3.48662304968192e+224,4.76497133980033e+221,1.47348428422645e+222,2.06500235700899e+223,3.01514381451414e+222,9.32628618046752e+222,3.28012281398102e+224
-131.7,3.49895547524506e+222,1.08223826159481e+223,3.48804923666047e+224,4.83811660730857e+221,1.49609643548048e+222,2.0792642267946e+223,3.0151438145142e+222,9.32628618046766e+222,3.28012281398101e+224
-128.4,3.50651005281424e+222,1.08457366646479e+223,3.81396264768918e+224,4.9136623830012e+221,1.51945048418028e+222,5.33839833708179e+223,3.01514381451412e+222,9.32628618046764e+222,3.280122813981e+224
-125.1,3.51431634154054e+222,1.08698686386839e+223,3.82243118659785e+224,4.99172527026369e+221,1.54358245821625e+222,5.42308372616818e+223,3.01514381451417e+222,9.32628618046762e+222,3.28012281398104e+224
-121.8,3.52238675153505e+222,1.08948168819755e+223,3.83118587766107e+224,5.07242937020904e+221,1.56853070150783e+222,5.51063063680047e+223,3.01514381451414e+222,9.32628618046771e+222,3.28012281398102e+224
-118.5,3.53073450289201e+222,1.09206222404102e+223,3.84024102519588e+224,5.15590688377905e+221,1.59433605994263e+222,5.60118211214884e+223,3.0151438145141e+222,9.32628618046753e+222,3.28012281398099e+224
-115.2,3.53937369172088e+222,1.09473282657574e+223,3.84961188015182e+224,5.24229877206761e+221,1.62104208528961e+222,5.69489066170774e+223,3.01514381451412e+222,9.32628618046777e+222,3.28012281398104e+224
-111.9,7.8329998760765e+224,2.4226211768178e+225,3.85931471836932e+224,7.80284843793136e+224,2.41329489063733e+225,5.79191904388295e+223,3.01514381451411e+222,9.32628618046766e+222,3.28012281398102e+224
-108.6,7.87776162309909e+224,2.43646246205943e+225,8.56590908357639e+226,7.84761018495394e+224,2.42713617587896e+225,8.53310785543658e+226,3.01514381451414e+222,9.32628618046764e+222,3.280122813981e+224
-105.3,7.92330335194139e+224,2.45054488480635e+225,8.61538006508912e+226,7.89315191379625e+224,2.44121859862588e+225,8.58257883694931e+226,3.01514381451409e+222,9.32628618046767e+222,3.28012281398098e+224
-102,7.96964801267502e+224,2.46487553877373e+225,8.66572238045726e+226,7.93949657452988e+224,2.45554925259326e+225,8.63292115231745e+226,3.01514381451416e+222,9.32628618046764e+222,3.28012281398095e+224
-98.7,8.01681951403064e+224,2.47946181392786e+225,8.71696194877436e+226,7.9866680758855e+224,2.4701355277474e+225,8.68416072063455e+226,3.01514381451414e+222,9.32628618046758e+222,3.280122813981e+224
-95.4,8.06484277567087e+224,2.49431141263861e+225,8.76912578392894e+226,8.03469133752573e+224,2.48498512645814e+225,8.73632455578913e+226,3.01514381451414e+222,9.32628618046755e+222,3.28012281398096e+224
-92.1,8.12307329108818e+224,2.51231840971934e+225,8.82224205499306e+226,8.09292185294304e+224,2.50299212353887e+225,8.78944082685325e+226,3.0151438145141e+222,9.32628618046762e+222,3.28012281398098e+224
-88.8,8.17277272466423e+224,2.52768618129882e+225,8.88637872005023e+226,8.14262128651908e+224,2.51835989511835e+225,8.85357749191042e+226,3.01514381451417e+222,9.32628618046759e+222,3.28012281398094e+224
-85.5,8.2172244370984e+224,2.54334205216024e+225,8.94137223647501e+226,8.18707299895326e+224,2.53401576597978e+225,8.9085710083352e+226,3.01514381451418e+222,9.32628618046751e+222,3.28012281398097e+224
-82.2,8.26869138325367e+224,2.55734546469128e+225,8.99740889686313e+226,8.23853994510853e+224,2.54801917851081e+225,8.96460766872332e+226,3.01514381451413e+222,9.32628618046757e+222,3.28012281398097e+224
-78.9,8.32114529663628e+224,2.5735647739842e+225,9.04753217881121e+226,8.29099385849114e+224,2.56423848780373e+225,9.0147309506714e+226,3.01514381451412e+222,9.32628618046746e+222,3.28012281398098e+224
-75.6,8.37464229512102e+224,2.59010654860686e+225,9.10560864978051e+226,8.34446666095473e+224,2.58077277675246e+225,9.0728074216407e+226,3.01756341662868e+222,9.33377185440041e+222,3.28012281398101e+224
-72.3,8.53719193930541e+224,2.64038643187764e+225,9.16485247227025e+226,8.39899173816578e+224,2.59763236382806e+225,9.13202549031822e+226,1.38200201139631e+223,4.27540680495875e+223,3.28269819520381e+224
-69,8.59034365446709e+224,2.65682102300755e+225,9.3402055684499e+226,8.45460402700148e+224,2.61482804682169e+225,9.19242301645899e+226,1.35739627465605e+223,4.19929761858559e+223,1.47782551990902e+225
-65.7,8.64033176726143e+224,2.67227702330345e+225,9.3991453769205e+226,8.50705271346985e+224,2.63104513898133e+225,9.2540396404781e+226,1.33279053791579e+223,4.12318843221229e+223,1.45105736442403e+225
-62.4,2.16179615386223e+225,6.68499496485782e+225,9.45461831065257e+226,2.14871430585047e+225,6.64452417239943e+225,9.31218938975867e+226,1.30818480117554e+223,4.04707924583913e+223,1.42428920893902e+225
-59.1,2.19452673752516e+225,6.78617792057529e+225,9.51605395032707e+226,2.18169094688081e+225,6.74646821998063e+225,9.37630184498167e+226,1.28357906443527e+223,3.97097005946586e+223,1.39752105345403e+225
-55.8,6.4319580545477e+225,1.98944186725486e+226,2.42098673434004e+227,6.41936832127075e+225,1.98554700638177e+226,2.40727920536035e+227,1.25897332769499e+223,3.89486087309262e+223,1.37075289796901e+225
-52.5,6.41893340087336e+225,1.9854085234514e+226,6.98198417736839e+227,6.4065903938812e+225,1.98158977176468e+226,6.96854432994355e+227,1.23430069921561e+223,3.81875168671943e+223,1.34398474248405e+225
-49.2,6.39978529847895e+225,1.98156947838213e+226,6.96841592913876e+227,6.39444363782861e+225,1.97782750635119e+226,6.95524376326876e+227,5.34166065033497e+222,3.74197203094356e+223,1.31721658699902e+225
-45.9,6.38504873161232e+225,1.97491681991586e+226,6.9482229331584e+227,6.38296760322651e+225,1.97427242610508e+226,6.94266813860085e+227,2.08112838580942e+222,6.44393810776706e+222,5.55479455754231e+224
-42.6,6.37375958439497e+225,1.97141919099702e+226,6.93287084033529e+227,6.37192451337656e+225,1.97085090637261e+226,6.93086312244291e+227,1.83507101840668e+222,5.68284624403474e+222,2.00771789237343e+224
-39.3,6.36353029320592e+225,1.96824912906079e+226,6.92133541849485e+227,6.36194127955492e+225,1.96775695362276e+226,6.91959538215732e+227,1.58901365100418e+222,4.92175438030247e+222,1.74003633752322e+224
-36,6.35410829892896e+225,1.96532843546159e+226,6.91097811542687e+227,6.35276534264536e+225,1.96491236920994e+226,6.9095057606442e+227,1.3429562836014e+222,4.16066251656987e+222,1.47235478267324e+224
-32.7,6.34554548913049e+225,1.96267313574396e+226,6.90154932941869e+227,6.34444859021429e+225,1.96233317867867e+226,6.90034465619086e+227,1.09689891619886e+222,3.39957065283815e+222,1.20467322782322e+224
-29.4,4.40537646914599e+225,1.36261618039891e+226,6.89310912597664e+227,4.40452562759719e+225,1.36235233252e+226,6.89217213430366e+227,8.50841548796172e+221,2.63847878910551e+222,9.36991672973348e+223
-26.1,4.37126677713726e+225,1.35206120083476e+226,4.75481282765617e+227,4.37066199295586e+225,1.35187346214222e+226,4.75414351753804e+227,6.04784181393526e+221,1.87738692537317e+222,6.69310118123371e+223
-22.8,4.33699285895048e+225,1.34145520783988e+226,4.71744957630881e+227,4.33663413213649e+225,1.34134357833372e+226,4.71704794774553e+227,3.58726813991004e+221,1.1162950616411e+222,4.01628563273255e+223
-19.5,4.30242033041411e+225,1.33079147815696e+226,4.67988025161583e+227,4.30242033041411e+225,1.3307559557959e+226,4.67974629942911e+227,0,3.55223610590235e+221,1.33952186722922e+223
-16.2,4.26799420778359e+225,1.32010242668984e+226,4.64220973744115e+227,4.26799420778359e+225,1.32010242668984e+226,4.64220973744115e+227,0,0,0
-12.9,1.446785073073e+225,4.47758254914298e+225,4.60440330982633e+227,1.446785073073e+225,4.47758254914298e+225,4.60440330982633e+227,0,0,0
-9.60000000000002,1.3550493551646e+225,4.1939020917924e+225,4.5662846642151e+227,1.3550493551646e+225,4.1939020917924e+225,4.5662846642151e+227,0,0,0
-6.30000000000001,1.54025839636603e+249,5.42678096291954e+249,2.79178745765532e+251,1.54025839636603e+249,5.42678096291954e+249,2.79178745765532e+251,0,0,0
-3,6.97941869084394e+249,2.51771900274574e+250,1.43028671069652e+252,6.97941869084394e+249,2.51771900274574e+250,1.43028671069652e+252,0,0,0
0.299999999999955,1.28086525666973e+250,4.6149974354533e+250,2.65245669643313e+252,1.27554393198895e+250,4.6149974354533e+250,2.65245669643313e+252,5.32132468078111e+247,0,0
3.59999999999997,1.39462986372893e+280,9.96984131225932e+251,3.9692268933159e+252,1.39462986372893e+280,6.85260973353859e+250,3.95618399350718e+252,2.55904728480743e+251,9.28458033890546e+251,1.30428998087182e+250
6.89999999999998,2.10627582329659e+280,5.7513789969439e+280,5.58320409705214e+282,2.10627582329659e+280,5.7513789969439e+280,5.58320409705214e+282,2.94813327425263e+251,1.06981305121573e+252,6.21950984947872e+253
10.2,2.07033100151084e+280,8.83513603913886e+280,5.38113126581452e+282,2.07033100151084e+280,8.83513603913886e+280,5.38113126581452e+282,3.33721926369797e+251,1.21116806854093e+252,7.04497232768655e+253
13.4999999999999,2.03315853325144e+280,8.67654047069134e+280,8.41606278487606e+282,2.03315853325144e+280,8.67654047069134e+280,8.41606278487606e+282,3.72630525314315e+251,1.35252308586607e+252,7.87043480589416e+253
16.8,1.9945769667805e+280,8.51193727347631e+280,8.25656563142401e+282,1.9945769667805e+280,8.51193727347631e+280,8.25656563142401e+282,4.11539124258837e+251,1.49387810319126e+252,8.69589728410164e+253
20.1,1.95435631308301e+280,8.34034685242214e+280,8.09031915068396e+282,1.95435631308301e+280,8.34034685242214e+280,8.09031915068396e+282,4.50447723203352e+251,1.63523312051646e+252,9.52135976230941e+253
23.4,1.01861108654038e+281,4.81019558022175e+281,7.91610443817422e+282,8.31280294978122e+279,8.16050221695127e+280,7.91610443817422e+282,9.35483057042564e+280,3.99414535852663e+281,1.03468222405171e+254
26.7,9.57329192097968e+280,4.087231793636e+281,3.97125473249433e+283,8.48422764232124e+279,3.61895873718366e+280,3.50401554344561e+282,8.72486915674755e+280,3.72533591991764e+281,3.62085317814977e+283
29.9999999999999,8.96157927000265e+280,3.82620049719188e+281,3.71812749517221e+283,8.66671526933169e+279,3.69674015883222e+280,3.57910894736503e+282,8.09490774306948e+280,3.45652648130865e+281,3.3602166004357e+283
33.3,8.35109727166686e+280,3.56569332493041e+281,3.46550474127712e+283,8.861509422755e+279,3.77976282230754e+280,3.65924718555479e+282,7.46494632939136e+280,3.18771704269965e+281,3.09958002272164e+283
36.6,7.74199078086377e+280,3.30577191815934e+281,3.2134456146109e+283,9.07005865150531e+279,3.86864314068685e+280,3.74502169603357e+282,6.83498491571324e+280,2.91890760409066e+281,2.83894344500754e+283
39.9,6.28886185737181e+283,3.04650857040152e+281,2.96201944568065e+283,6.28265683386977e+283,3.96410404919877e+280,3.83712578387181e+282,6.20502350203518e+280,2.65009816548164e+281,2.57830686729347e+283
43.2,6.06985117872427e+283,2.59086591077776e+284,2.5174254942234e+286,6.06984946614744e+283,2.5908651800079e+284,2.51510830413851e+286,1.71257682627284e+277,7.30769861851279e+277,2.31719008488783e+283
46.5,5.86307265827525e+283,2.50008102519098e+284,2.424004038924e+286,5.85535322162564e+283,2.49678708148728e+284,2.424004038924e+286,7.71943664960827e+280,3.29394370369999e+281,0
49.8,5.63442276469662e+283,2.40512586812658e+284,2.32933913899105e+286,5.62670332804701e+283,2.40183192442288e+284,2.32933843043946e+286,7.71943664960825e+280,3.2939437037e+281,7.08551592812763e+279
53.1,5.39610459371982e+283,2.30347190993647e+284,2.2368191351199e+286,5.38838515707021e+283,2.30017796623277e+284,2.23362534021984e+286,7.7194366496082e+280,3.2939437037e+281,3.19379490005181e+283
56.4,5.14677563119706e+283,2.19712508400204e+284,2.13386769005128e+286,5.13905619454745e+283,2.19383114029834e+284,2.13067389515123e+286,7.71943664960825e+280,3.29394370370001e+281,3.19379490005182e+283
59.7,1.76812266523849e+281,2.08536729124637e+284,2.02569565039404e+286,9.96179000277662e+280,2.08207334754267e+284,2.02250185549399e+286,7.71943664960823e+280,3.2939437037e+281,3.19379490005183e+283
63,1.87758883557853e+281,8.00281705062665e+281,7.72636628454503e+283,1.1056451706177e+281,4.70887334692663e+281,4.53257138449321e+283,7.71943664960826e+280,3.29394370370002e+281,3.19379490005182e+283
66.3,2.01022923567704e+281,8.56681752636196e+281,8.26593433670345e+283,1.23828557071621e+281,5.27287382266195e+281,5.07213943665163e+283,7.7194366496083e+280,3.29394370370001e+281,3.19379490005183e+283
69.6,2.17362827779295e+281,9.26138786057478e+281,8.92962034412544e+283,1.40168461283212e+281,5.96744415687476e+281,5.73582544407361e+283,7.71943664960821e+280,3.29394370370002e+281,3.19379490005184e+283
72.9,2.37890362286087e+281,1.01336357710366e+282,9.76189213297421e+283,1.60695995790005e+281,6.83969206733655e+281,6.56809723292239e+283,7.71943664960826e+280,3.29394370370001e+281,3.19379490005182e+283
76.2,7.71943664960829e+280,3.29394370370002e+281,1.08301128825635e+284,0,0,7.63631798251164e+283,7.71943664960829e+280,3.29394370370002e+281,3.19379490005182e+283
79.5,3.42919947210632e+283,3.29394370370002e+281,1.22408318648872e+284,3.42148003545672e+283,0,9.04703696483533e+283,7.71943664960824e+280,3.29394370370002e+281,3.19379490005183e+283
82.8,3.48775303336368e+283,1.48780032299676e+284,3.19379490005183e+283,3.48003359671407e+283,1.48450637929306e+284,0,7.71943664960824e+280,3.2939437037e+281,3.19379490005183e+283
86.1,3.54941958916401e+283,1.51408952411855e+284,1.46629479360026e+286,3.5417001525144e+283,1.51079558041485e+284,1.4631009987002e+286,7.71943664960827e+280,3.29394370370002e+281,3.19379490005183e+283
89.4,3.61448513993415e+283,1.54182682098131e+284,1.49309013318106e+286,3.60676570328454e+283,1.53853287727761e+284,1.48989633828101e+286,7.71943664960826e+280,3.2939437037e+281,3.19379490005184e+283
92.7,3.68327387956505e+283,1.57115023925544e+284,1.52141380223644e+286,3.67555444291545e+283,1.56785629555174e+284,1.51822000733639e+286,7.71943664960823e+280,3.29394370370003e+281,3.19379490005184e+283
96,3.75615501408408e+283,1.60221695516397e+284,1.5514168465008e+286,3.74843557743447e+283,1.59892301146027e+284,1.54822305160074e+286,7.71943664960824e+280,3.2939437037e+281,3.19379490005183e+283
99.3,3.83355112983511e+283,1.63520685316186e+284,1.58327207366452e+286,3.8258316931855e+283,1.63191290945816e+284,1.58007827876447e+286,7.71943664960829e+280,3.29394370370002e+281,3.19379490005184e+283
102.6,3.91594854530074e+283,1.67032692630758e+284,1.61717825816886e+286,3.90822910865113e+283,1.66703298260388e+284,1.61398446326881e+286,7.71943664960826e+280,3.29394370370002e+281,3.19379490005183e+283
105.9,4.00391022738573e+283,1.70781676587686e+284,1.65336538367994e+286,3.99619079073612e+283,1.70452282217316e+284,1.65017158877989e+286,7.71943664960825e+280,3.29394370370001e+281,3.19379490005184e+283
109.2,4.09809034592286e+283,1.74795547393322e+284,1.69210124015437e+286,4.09037262185008e+283,1.74466153022952e+284,1.68890744525432e+286,7.717724072782e+280,3.2939437037e+281,3.19379490005183e+283
112.5,4.1992618202351e+283,1.79106972563082e+284,1.73369980960834e+286,4.19154409616232e+283,1.78777651269698e+284,1.73050601470829e+286,7.71772407278197e+280,3.29321293383815e+281,3.19379490005183e+283
115.8,4.30061494477926e+283,1.83425478910211e+284,1.7785313350354e+286,4.30061494477926e+283,1.83425478910211e+284,1.77533824868694e+286,0,0,3.19308634845902e+283
119.1,3.17520289339781e+284,1.8845577171654e+284,1.82384608786227e+286,3.17520289339781e+284,1.8845577171654e+284,1.82384608786227e+286,0,0,0
122.4,3.43532579394502e+284,1.46378578663827e+285,1.87656094337791e+286,3.43532579394502e+284,1.46378578663827e+285,1.87656094337791e+286,0,0,0
125.7,3.7363120279776e+284,1.59187944141734e+285,1.53450612359824e+287,3.7363120279776e+284,1.59187944141734e+285,1.53450612359824e+287,0,0,0
129,4.08787856637515e+284,1.7414726799427e+285,1.67799652836917e+287,4.08787856637515e+284,1.7414726799427e+285,1.67799652836917e+287,0,0,0
132.3,4.50294422909118e+284,1.91804960442786e+285,1.84724028159193e+287,4.50294422909118e+284,1.91804960442786e+285,1.84724028159193e+287,0,0,0
135.6,4.99902393489792e+284,2.12904265102585e+285,2.04929299587349e+287,4.99902393489792e+284,2.12904265102585e+285,2.04929299587349e+287,0,0,0
138.9,5.60040297553197e+284,2.38475288778271e+285,2.29391771936809e+287,5.60040297553197e+284,2.38475288778271e+285,2.29391771936809e+287,0,0,0
142.2,6.3416425574957e+284,2.69983285898252e+285,2.5949756151263e+287,6.3416425574957e+284,2.69983285898252e+285,2.5949756151263e+287,0,0,0
145.5,7.27345539724026e+284,3.09577012660867e+285,2.97274860852775e+287,7.27345539724026e+284,3.09577012660867e+285,2.97274860852775e+287,0,0,0
148.8,0,0,3.45799777507962e+287,0,0,3.45799777507962e+287,0,0,0
152.1,0,0,4.09944896999053e+287,0,0,4.09944896999053e+287,0,0,0
155.4,0,0,0,0,0,0,0,0,0
158.7,0,0,0,0,0,0,0,0,0
162,0,0,0,0,0,0,0,0,0
165.3,0,0,0,0,0,0,0,0,0
168.6,0,0,0,0,0,0,0,0,0
171.9,0,0,0,0,0,0,0,0,0
175.2,0,0,0,0,0,0,0,0,0
178.5,0,0,0,0,0,0,0,0,0
181.8,0,0,0,0,0,0,0,0,0
185.1,0,0,0,0,0,0,0,0,0
188.4,0,0,0,0,0,0,0,0,0
191.7,0,0,0,0,0,0,0,0,0
195,0,0,0,0,0,0,0,0,0
198.3,1.88414780410905e+18,2.27327094928518e+18,0,1.88414780410905e+18,2.27327094928518e+18,0,0,0,0
201.6,3.40115130124237e+17,4.05259424902526e+17,7.09453782947117e+17,3.40115130124237e+17,4.05259424902526e+17,7.09453782947117e+17,0,0,0
204.9,6.44176907176718e+16,7.69168203672377e+16,1.35773760372339e+17,6.44176907176718e+16,7.69168203672377e+16,1.35773760372339e+17,0,0,0
208.2,1.25709703639452e+16,1.50187256735528e+16,2.65857237808696e+16,1.25709703639452e+16,1.50187256735528e+16,2.65857237808696e+16,0,0,0
211.5,2.5265740977146e+15,3.01851325790494e+15,5.34417548473842e+15,2.5265740977146e+15,3.01851325790494e+15,5.34417548473842e+15,0,0,0
214.8,5.45233133778784e+15,5.86737953491434e+15,1.10023827902064e+15,520467021021229,621723258335366,1.10023827902064e+15,4.93186431676661e+15,5.24565627657897e+15,0
218.1,1.1129634448265e+19,1.32363722640391e+19,2.21644551466466e+19,109249585223796,130487362020180,230807834763696,1.11295251986798e+19,1.32362417766771e+19,2.21642243388118e+19
221.4,2.21331348879212e+18,2.63500801861243e+18,4.5934608533654e+18,23247787935639.7,27764370247934.1,49091628229014.8,2.21329024100419e+18,2.63498025424218e+18,4.59341176173717e+18
224.7,4.4680116468575e+17,5.33273266495129e+17,9.39857041166618e+17,4994992082327.94,5965002865694.42,10544197074560.4,4.46796169693668e+17,5.33267301492264e+17,9.39846496969544e+17
228,9.19517319713962e+16,1.09814498586047e+17,1.94114557273049e+17,1080418783674.49,1290170093221.63,2280178398582.05,9.19506515526125e+16,1.09813208415954e+17,1.9411227709465e+17
231.3,1.93087175710804e+16,2.30605804696218e+16,4.07763800742159e+16,234764832308.864,280332597369.642,495382131957.441,1.93084828062481e+16,2.30603001370244e+16,4.0775884692084e+16
234.6,8.26039364834165e+21,9.95847224838993e+21,8.70009641613259e+15,8.26038952733806e+21,9.9584673270052e+21,107962197674.532,4.12100358985613e+15,4.92138472985027e+15,8.69998845393491e+15
237.9,1.49426010603771e+21,1.78054156480731e+21,3.11741517115428e+21,1.4942592159857e+21,1.78054050197045e+21,3.117413292813e+21,890052009794646,1.06283686331637e+15,1.87834127725638e+15
241.2,2.83134438691303e+20,3.38077653061173e+20,5.96823887031289e+20,2.8313424485935e+20,3.38077421614137e+20,5.96823478087043e+20,193831952311616,231447035632161,408944245918266
244.5,5.52787815400029e+19,6.6042541095167e+19,1.16908311402982e+20,5.52787390898843e+19,6.60424904091815e+19,1.16908221859512e+20,42450118611112,50685985428921.4,89543470550332.6
247.8,1.11148129801929e+19,1.32789121466844e+19,2.35097493200743e+19,1.11148036485567e+19,1.32789010048855e+19,2.35097296386235e+19,9331636119517.92,11141798939220.8,19681450711668.8
251.1,2.29037046645466e+18,2.73595358502921e+18,4.84166810029784e+18,2.29036841012152e+18,2.73595112984757e+18,4.84166376362217e+18,2056333136230.36,2455181633903.54,4336675671236.9
254.4,4.80881133295256e+17,5.74361934094102e+17,1.01593263912658e+18,4.80880679463532e+17,5.74361392242375e+17,1.01593168207309e+18,453831723346.859,541851727216.796,957053486269.924
257.7,1.0234694045564e+17,1.22230760107611e+17,2.16121529567143e+17,1.02346840203339e+17,1.22230640412241e+17,2.16121318158374e+17,100252300431.787,119695370444.247,211408769432.855
261,2.19928039657668e+16,2.62637100317965e+16,4.64255936024821e+16,2.19927818088421e+16,2.62636835778055e+16,4.64255468793624e+16,22156924653.2771,26453990949.172,46723119748.9588
264.3,4.75744805969183e+15,5.68105036041389e+15,1.00403647307465e+16,4.75744316172164e+15,5.68104451254715e+15,1.00403544022634e+16,4897970195.10647,5847866737.61214,10328483146.8343
267.6,1.03380701489598e+15,1.23446806508549e+15,2.18145328670363e+15,1.03380593214098e+15,1.23446677234384e+15,2.18145100346342e+15,1082755001.68331,1292741655.10461,2283240210.34411
270.9,225337632169575,269069584278047,475438092150325,225337392840772,269069298534037,475437587466543,239328803.162249,285744010.015781,504683782.39666
274.2,49216378887961.5,58767104647298.9,103833989629953,49216325998079.4,58767041499872.4,103833878097498,52889882.0533369,63147426.4837906,111532455.541797
277.5,10763612653782.7,12852236385541.2,22707457833910,10763600968527.2,12852222433995.2,22707433192133.6,11685255.4453759,13951545.9740593,24641776.4221341
280.8,2355948056762.9,2813091856567.18,4970090248115.89,2355945475834.94,2813088775074.2,4970084805403.88,2580927.95430007,3081492.97218831,5442712.01027387
284.1,515924060134.726,616031060749.233,1088372701713.37,515923490264.623,616030380352.194,1088371499943.44,569870.103889773,680397.039018131,1201769.93407003
287.4,113010106680.108,134937752756.615,238399864109.564,113009980893.985,134937602573.695,238399598841.883,125786.122358706,150182.920255574,265267.681201231
290.7,24756593516.1263,29560170663.7858,52225055331.9843,24756565760.9529,29560137525.2705,52224996798.8517,27755.1733744981,33138.5152817103,58533.1325495264
294,5423243977.99337,6475531197.36298,11440582519.5038,5423237855.77166,6475523887.66491,11440569608.1116,6122.22170586555,7309.69807165429,12911.3922070821
297.3,1187927102.21263,1418425357.69351,2505998968.96107,1187925752.22751,1418423745.8583,2505996121.88455,1349.98511653705,1611.83520567799,2847.07651352099
