T_K,Mechanism,PhotonOrder,Process,FWHM_meV,HWHM_meV
3,optical,1,emission,NaN,NaN
3,optical,1,absorption,NaN,NaN
3,optical,2,emission,NaN,NaN
3,optical,2,absorption,NaN,NaN
3,piezoelectric,1,emission,NaN,NaN
3,piezoelectric,1,absorption,NaN,NaN
3,piezoelectric,2,emission,NaN,NaN
3,piezoelectric,2,absorption,NaN,NaN
13,optical,1,emission,NaN,NaN
13,optical,1,absorption,NaN,NaN
13,optical,2,emission,NaN,NaN
13,optical,2,absorption,NaN,NaN
13,piezoelectric,1,emission,NaN,NaN
13,piezoelectric,1,absorption,NaN,NaN
13,piezoelectric,2,emission,NaN,NaN
13,piezoelectric,2,absorption,NaN,NaN
23,optical,1,emission,NaN,NaN
23,optical,1,absorption,NaN,NaN
23,optical,2,emission,NaN,NaN
23,optical,2,absorption,NaN,NaN
23,piezoelectric,1,emission,NaN,NaN
23,piezoelectric,1,absorption,NaN,NaN
23,piezoelectric,2,emission,NaN,NaN
23,piezoelectric,2,absorption,NaN,NaN
33,optical,1,emission,NaN,NaN
33,optical,1,absorption,NaN,NaN
33,optical,2,emission,NaN,NaN
33,optical,2,absorption,NaN,NaN
33,piezoelectric,1,emission,NaN,NaN
33,piezoelectric,1,absorption,NaN,NaN
33,piezoelectric,2,emission,NaN,NaN
33,piezoelectric,2,absorption,NaN,NaN
43,optical,1,emission,NaN,NaN
43,optical,1,absorption,NaN,NaN
43,optical,2,emission,NaN,NaN
43,optical,2,absorption,NaN,NaN
43,piezoelectric,1,emission,NaN,NaN
43,piezoelectric,1,absorption,NaN,NaN
43,piezoelectric,2,emission,NaN,NaN
43,piezoelectric,2,absorption,NaN,NaN
53,optical,1,emission,NaN,NaN
53,optical,1,absorption,NaN,NaN
53,optical,2,emission,NaN,NaN
53,optical,2,absorption,NaN,NaN
53,piezoelectric,1,emission,NaN,NaN
53,piezoelectric,1,absorption,NaN,NaN
53,piezoelectric,2,emission,NaN,NaN
53,piezoelectric,2,absorption,NaN,NaN
63,optical,1,emission,NaN,NaN
63,optical,1,absorption,NaN,NaN
63,optical,2,emission,NaN,NaN
63,optical,2,absorption,NaN,NaN
63,piezoelectric,1,emission,NaN,NaN
63,piezoelectric,1,absorption,NaN,NaN
63,piezoelectric,2,emission,NaN,NaN
63,piezoelectric,2,absorption,NaN,NaN
73,optical,1,emission,NaN,NaN
73,optical,1,absorption,NaN,NaN
73,optical,2,emission,NaN,NaN
73,optical,2,absorption,NaN,NaN
73,piezoelectric,1,emission,NaN,NaN
73,piezoelectric,1,absorption,NaN,NaN
73,piezoelectric,2,emission,NaN,NaN
73,piezoelectric,2,absorption,NaN,NaN
83,optical,1,emission,NaN,NaN
83,optical,1,absorption,NaN,NaN
83,optical,2,emission,NaN,NaN
83,optical,2,absorption,NaN,NaN
83,piezoelectric,1,emission,NaN,NaN
83,piezoelectric,1,absorption,NaN,NaN
83,piezoelectric,2,emission,NaN,NaN
83,piezoelectric,2,absorption,NaN,NaN
93,optical,1,emission,NaN,NaN
93,optical,1,absorption,NaN,NaN
93,optical,2,emission,NaN,NaN
93,optical,2,absorption,NaN,NaN
93,piezoelectric,1,emission,NaN,NaN
93,piezoelectric,1,absorption,NaN,NaN
93,piezoelectric,2,emission,NaN,NaN
93,piezoelectric,2,absorption,NaN,NaN
103,optical,1,emission,NaN,NaN
103,optical,1,absorption,NaN,NaN
103,optical,2,emission,NaN,NaN
103,optical,2,absorption,NaN,NaN
103,piezoelectric,1,emission,NaN,NaN
103,piezoelectric,1,absorption,NaN,NaN
103,piezoelectric,2,emission,NaN,NaN
103,piezoelectric,2,absorption,NaN,NaN
113,optical,1,emission,NaN,NaN
113,optical,1,absorption,NaN,NaN
113,optical,2,emission,NaN,NaN
113,optical,2,absorption,NaN,NaN
113,piezoelectric,1,emission,NaN,NaN
113,piezoelectric,1,absorption,NaN,NaN
113,piezoelectric,2,emission,NaN,NaN
113,piezoelectric,2,absorption,NaN,NaN
123,optical,1,emission,NaN,NaN
123,optical,1,absorption,NaN,NaN
123,optical,2,emission,NaN,NaN
123,optical,2,absorption,NaN,NaN
123,piezoelectric,1,emission,NaN,NaN
123,piezoelectric,1,absorption,NaN,NaN
123,piezoelectric,2,emission,NaN,NaN
123,piezoelectric,2,absorption,NaN,NaN
133,optical,1,emission,NaN,NaN
133,optical,1,absorption,NaN,NaN
133,optical,2,emission,NaN,NaN
133,optical,2,absorption,NaN,NaN
133,piezoelectric,1,emission,NaN,NaN
133,piezoelectric,1,absorption,NaN,NaN
133,piezoelectric,2,emission,NaN,NaN
133,piezoelectric,2,absorption,NaN,NaN
143,optical,1,emission,NaN,NaN
143,optical,1,absorption,NaN,NaN
143,optical,2,emission,NaN,NaN
143,optical,2,absorption,NaN,NaN
143,piezoelectric,1,emission,NaN,NaN
143,piezoelectric,1,absorption,NaN,NaN
143,piezoelectric,2,emission,NaN,NaN
143,piezoelectric,2,absorption,NaN,NaN
153,optical,1,emission,NaN,NaN
153,optical,1,absorption,NaN,NaN
153,optical,2,emission,NaN,NaN
153,optical,2,absorption,NaN,NaN
153,piezoelectric,1,emission,NaN,NaN
153,piezoelectric,1,absorption,NaN,NaN
153,piezoelectric,2,emission,NaN,NaN
153,piezoelectric,2,absorption,NaN,NaN
163,optical,1,emission,NaN,NaN
163,optical,1,absorption,NaN,NaN
163,optical,2,emission,NaN,NaN
163,optical,2,absorption,NaN,NaN
163,piezoelectric,1,emission,NaN,NaN
163,piezoelectric,1,absorption,NaN,NaN
163,piezoelectric,2,emission,NaN,NaN
163,piezoelectric,2,absorption,NaN,NaN
173,optical,1,emission,NaN,NaN
173,optical,1,absorption,NaN,NaN
173,optical,2,emission,NaN,NaN
173,optical,2,absorption,NaN,NaN
173,piezoelectric,1,emission,NaN,NaN
173,piezoelectric,1,absorption,NaN,NaN
173,piezoelectric,2,emission,NaN,NaN
173,piezoelectric,2,absorption,NaN,NaN
183,optical,1,emission,NaN,NaN
183,optical,1,absorption,NaN,NaN
183,optical,2,emission,NaN,NaN
183,optical,2,absorption,NaN,NaN
183,piezoelectric,1,emission,NaN,NaN
183,piezoelectric,1,absorption,NaN,NaN
183,piezoelectric,2,emission,NaN,NaN
183,piezoelectric,2,absorption,NaN,NaN
193,optical,1,emission,NaN,NaN
193,optical,1,absorption,NaN,NaN
193,optical,2,emission,NaN,NaN
193,optical,2,absorption,NaN,NaN
193,piezoelectric,1,emission,NaN,NaN
193,piezoelectric,1,absorption,NaN,NaN
193,piezoelectric,2,emission,NaN,NaN
193,piezoelectric,2,absorption,NaN,NaN
203,optical,1,emission,NaN,NaN
203,optical,1,absorption,NaN,NaN
203,optical,2,emission,NaN,NaN
203,optical,2,absorption,NaN,NaN
203,piezoelectric,1,emission,NaN,NaN
203,piezoelectric,1,absorption,NaN,NaN
203,piezoelectric,2,emission,NaN,NaN
203,piezoelectric,2,absorption,NaN,NaN
213,optical,1,emission,NaN,NaN
213,optical,1,absorption,NaN,NaN
213,optical,2,emission,NaN,NaN
213,optical,2,absorption,NaN,NaN
213,piezoelectric,1,emission,NaN,NaN
213,piezoelectric,1,absorption,NaN,NaN
213,piezoelectric,2,emission,NaN,NaN
213,piezoelectric,2,absorption,NaN,NaN
223,optical,1,emission,NaN,NaN
223,optical,1,absorption,NaN,NaN
223,optical,2,emission,NaN,NaN
223,optical,2,absorption,NaN,NaN
223,piezoelectric,1,emission,NaN,NaN
223,piezoelectric,1,absorption,NaN,NaN
223,piezoelectric,2,emission,NaN,NaN
223,piezoelectric,2,absorption,NaN,NaN
233,optical,1,emission,NaN,NaN
233,optical,1,absorption,NaN,NaN
233,optical,2,emission,NaN,NaN
233,optical,2,absorption,NaN,NaN
233,piezoelectric,1,emission,NaN,NaN
233,piezoelectric,1,absorption,NaN,NaN
233,piezoelectric,2,emission,NaN,NaN
233,piezoelectric,2,absorption,NaN,NaN
243,optical,1,emission,NaN,NaN
243,optical,1,absorption,NaN,NaN
243,optical,2,emission,NaN,NaN
243,optical,2,absorption,NaN,NaN
243,piezoelectric,1,emission,NaN,NaN
243,piezoelectric,1,absorption,NaN,NaN
243,piezoelectric,2,emission,NaN,NaN
243,piezoelectric,2,absorption,NaN,NaN
253,optical,1,emission,NaN,NaN
253,optical,1,absorption,NaN,NaN
253,optical,2,emission,NaN,NaN
253,optical,2,absorption,NaN,NaN
253,piezoelectric,1,emission,NaN,NaN
253,piezoelectric,1,absorption,NaN,NaN
253,piezoelectric,2,emission,NaN,NaN
253,piezoelectric,2,absorption,NaN,NaN
263,optical,1,emission,NaN,NaN
263,optical,1,absorption,NaN,NaN
263,optical,2,emission,NaN,NaN
263,optical,2,absorption,NaN,NaN
263,piezoelectric,1,emission,NaN,NaN
263,piezoelectric,1,absorption,NaN,NaN
263,piezoelectric,2,emission,NaN,NaN
263,piezoelectric,2,absorption,NaN,NaN
273,optical,1,emission,NaN,NaN
273,optical,1,absorption,NaN,NaN
273,optical,2,emission,NaN,NaN
273,optical,2,absorption,NaN,NaN
273,piezoelectric,1,emission,NaN,NaN
273,piezoelectric,1,absorption,NaN,NaN
273,piezoelectric,2,emission,NaN,NaN
273,piezoelectric,2,absorption,NaN,NaN
283,optical,1,emission,NaN,NaN
283,optical,1,absorption,NaN,NaN
283,optical,2,emission,NaN,NaN
283,optical,2,absorption,NaN,NaN
283,piezoelectric,1,emission,NaN,NaN
283,piezoelectric,1,absorption,NaN,NaN
283,piezoelectric,2,emission,NaN,NaN
283,piezoelectric,2,absorption,NaN,NaN
293,optical,1,emission,NaN,NaN
293,optical,1,absorption,NaN,NaN
293,optical,2,emission,NaN,NaN
293,optical,2,absorption,NaN,NaN
293,piezoelectric,1,emission,NaN,NaN
293,piezoelectric,1,absorption,NaN,NaN
293,piezoelectric,2,emission,NaN,NaN
293,piezoelectric,2,absorption,NaN,NaN
